Artichoke, Cabbage,,,,,,,,
Chayote, Radicchio,,,,,,,,
Green onion, Collard greens,,,,,,,,
Green beans, Red chili pepper, Bell pepper,,,,,,,
Escarole, Mushroom, Endive,,,,,,,
Onion, Cucumber, Green onion,,,,,,,
Tomato, Cauliflower, Collard greens, Red onion,,,,,,
Red chili pepper, Endive, Bean sprouts, Escarole,,,,,,
Bamboo shoots, Parsnip,,,,,,,,
Chayote, Radish,,,,,,,,
Cactus pear, Artichoke,,,,,,,,
Onion, Beans,,,,,,,,
Garlic, Pumpkin, Bean sprouts,,,,,,,
Artichoke, Yam, Potato,,,,,,,
Broccoli, Green beans, Sweet potato,,,,,,,
Radish, Sweet potato, Parsnip,,,,,,,
Bell pepper, Green beans, Leek,,,,,,,
Celery, Spinach, Cactus pear, Radicchio,,,,,,
Cabbage, Garlic, Bean sprouts, Yam,,,,,,
Green beans, Spinach, Mushroom, Red onion,,,,,,
Escarole, Bamboo shoots, Cucumber, Endive, Garlic,,,,,
Green beans, Garlic, Parsnip, Red chili pepper, Tomato,,,,,
Bamboo shoots, Red cabbage, Bean sprouts, Potato, Pea,,,,,
Escarole, Mushroom, Parsnip,,,,,,,
Escarole, Zucchini, Radicchio,,,,,,,
Potato, Tomato,,,,,,,,
Zucchini, Lettuce,,,,,,,,
Bean sprouts, Spinach,,,,,,,,
Broccoli, Green beans,,,,,,,,
Bell pepper, Zucchini, Yam, Green onion,,,,,,
Cactus pear, Brussels sprouts, Green onion, Red onion,,,,,,
Yam, Sweet potato, Celery, Red cabbage,,,,,,
Escarole, Brussels sprouts,,,,,,,,
Lettuce, Red chili pepper,,,,,,,,
Beans, Escarole,,,,,,,,
Radicchio, Pea, Broccoli,,,,,,,
Brussels sprouts, Collard greens, Zucchini,,,,,,,
Red onion, Zucchini, Spinach,,,,,,,
Garlic, Pumpkin, Radicchio, Beetroot,,,,,,
Cucumber, Lettuce, Chayote, Green onion,,,,,,
Celery, Green beans,,,,,,,,
Escarole, Cabbage,,,,,,,,
Red cabbage, Beetroot,,,,,,,,
Yam, Escarole, Mushroom,,,,,,,
Brussels sprouts, Garlic, Artichoke,,,,,,,
Cabbage, Celery, Bell pepper,,,,,,,
Yellow squash, Green onion, Lettuce, Pumpkin,,,,,,
Tomato, Radicchio, Beetroot, Eggplant,,,,,,
Bamboo shoots, Onion, Leek, Corn,,,,,,
Beetroot, Zucchini,,,,,,,,
Garlic, Cabbage,,,,,,,,
Yellow squash, Red cabbage,,,,,,,,
Lettuce, Bell pepper,,,,,,,,
Corn, Green onion, Bean sprouts,,,,,,,
Eggplant, Escarole, Chayote,,,,,,,
Pepper, Cauliflower, Potato,,,,,,,
Green beans, Corn,,,,,,,,
Sweet potato, Bell pepper,,,,,,,,
Bell pepper, Beetroot,,,,,,,,
Cactus pear, Parsnip, Bean sprouts, Spinach,,,,,,
Pumpkin, Cabbage, Red chili pepper, Cactus pear,,,,,,
Pumpkin, Collard greens, Escarole, Yellow squash,,,,,,
Potato, Red onion, Spinach,,,,,,,
Red cabbage, Green beans, Asparagus,,,,,,,
Bell pepper, Yam, Pepper,,,,,,,
Cabbage, Red onion,,,,,,,,
Spinach, Cauliflower,,,,,,,,
Collard greens, Artichoke,,,,,,,,
Green onion, Onion,,,,,,,,
Potato, Radicchio,,,,,,,,
Carrot, Bell pepper, Yellow squash,,,,,,,
Bean sprouts, Pea, Celery,,,,,,,
Broccoli, Bamboo shoots, Corn,,,,,,,
Spinach, Bean sprouts, Yellow squash,,,,,,,
Beans, Escarole, Eggplant, Pepper,,,,,,
Yellow squash, Sweet potato, Tomato, Escarole,,,,,,
Brussels sprouts, Yellow squash,,,,,,,,
Eggplant, Yam,,,,,,,,
Beetroot, Celery,,,,,,,,
Bean sprouts, Parsnip,,,,,,,,
Cabbage, Red onion,,,,,,,,
Bamboo shoots, Mushroom,,,,,,,,
Radish, Onion, Beetroot,,,,,,,
Parsnip, Eggplant, Bamboo shoots,,,,,,,
Eggplant, Collard greens, Beetroot,,,,,,,
Collard greens, Potato, Celery,,,,,,,
Chayote, Yam,,,,,,,,
Green beans, Garlic,,,,,,,,
Chayote, Pepper,,,,,,,,
Garlic, Brussels sprouts,,,,,,,,
Leek, Asparagus,,,,,,,,
Bean sprouts, Red cabbage,,,,,,,,
Leek, Spinach,,,,,,,,
Celery, Red onion,,,,,,,,
Red chili pepper, Chayote,,,,,,,,
Beetroot, Zucchini,,,,,,,,
Red cabbage, Asparagus, Cactus pear, Beetroot,,,,,,
Asparagus, Pepper, Carrot, Chayote,,,,,,
Cactus pear, Carrot, Zucchini,,,,,,,
Collard greens, Yellow squash, Asparagus,,,,,,,
Collard greens, Beans,,,,,,,,
Bamboo shoots, Bean sprouts,,,,,,,,
Radish, Zucchini,,,,,,,,
Mushroom, Escarole,,,,,,,,
Cauliflower, Cactus pear,,,,,,,,
Yellow squash, Pepper,,,,,,,,
Corn, Garlic,,,,,,,,
Artichoke, Green beans,,,,,,,,
Asparagus, Garlic,,,,,,,,
Carrot, Red cabbage,,,,,,,,
Radicchio, Cucumber,,,,,,,,
Bamboo shoots, Red onion, Carrot,,,,,,,
Spinach, Cactus pear, Corn,,,,,,,
Carrot, Bell pepper, Artichoke,,,,,,,
Tomato, Artichoke, Collard greens,,,,,,,
Red chili pepper, Green onion, Asparagus, Endive,,,,,,
Cactus pear, Celery, Artichoke, Yam,,,,,,
Cabbage, Leek, Chayote, Lettuce,,,,,,
Radicchio, Bamboo shoots, Carrot, Pea,,,,,,
Parsnip, Leek,,,,,,,,
Carrot, Spinach,,,,,,,,
Bell pepper, Brussels sprouts, Eggplant,,,,,,,
Green onion, Sweet potato, Beetroot,,,,,,,
Potato, Eggplant, Corn,,,,,,,
Bell pepper, Artichoke,,,,,,,,
Sweet potato, Collard greens,,,,,,,,
Corn, Cabbage,,,,,,,,
Celery, Beans, Collard greens,,,,,,,
Artichoke, Red chili pepper, Mushroom,,,,,,,
Bean sprouts, Brussels sprouts, Spinach,,,,,,,
Cabbage, Brussels sprouts, Pumpkin,,,,,,,
Leek, Celery,,,,,,,,
Leek, Corn,,,,,,,,
Parsnip, Red onion,,,,,,,,
Asparagus, Red chili pepper,,,,,,,,
Yam, Red cabbage, Red chili pepper, Tomato,,,,,,
Pumpkin, Spinach, Mushroom, Asparagus,,,,,,
Endive, Bell pepper, Yam,,,,,,,
Cucumber, Yellow squash, Pepper,,,,,,,
Cucumber, Endive,,,,,,,,
Carrot, Brussels sprouts,,,,,,,,
Escarole, Mushroom,,,,,,,,
Green onion, Potato,,,,,,,,
Eggplant, Corn, Yam,,,,,,,
Endive, Cucumber, Collard greens,,,,,,,
Lettuce, Spinach, Garlic,,,,,,,
Potato, Yam, Spinach,,,,,,,
Pea, Pepper, Beans,,,,,,,
Onion, Leek,,,,,,,,
Yellow squash, Asparagus,,,,,,,,
Lettuce, Corn,,,,,,,,
Broccoli, Zucchini, Endive,,,,,,,
Corn, Broccoli, Collard greens,,,,,,,
Cactus pear, Eggplant, Bamboo shoots,,,,,,,
Beans, Beetroot, Carrot,,,,,,,
Cactus pear, Mushroom,,,,,,,,
Parsnip, Leek,,,,,,,,
Radicchio, Bell pepper,,,,,,,,
Red onion, Red cabbage,,,,,,,,
Beetroot, Garlic,,,,,,,,
Endive, Mushroom,,,,,,,,
Zucchini, Pumpkin, Garlic,,,,,,,
Red onion, Green beans, Cucumber,,,,,,,
Escarole, Leek, Radicchio,,,,,,,
Cucumber, Onion,,,,,,,,
Red onion, Beetroot,,,,,,,,
Onion, Cactus pear,,,,,,,,
Pea, Zucchini, Parsnip, Collard greens,,,,,,
Chayote, Yellow squash, Onion, Cauliflower,,,,,,
Celery, Bamboo shoots, Tomato, Radicchio,,,,,,
Onion, Cauliflower, Tomato, Red chili pepper,,,,,,
Sweet potato, Escarole,,,,,,,,
Tomato, Potato,,,,,,,,
Mushroom, Cucumber,,,,,,,,
Brussels sprouts, Red onion,,,,,,,,
Red chili pepper, Asparagus, Red cabbage,,,,,,,
Bean sprouts, Sweet potato, Radish,,,,,,,
Pepper, Corn, Green beans,,,,,,,
Mushroom, Beetroot, Corn, Bean sprouts,,,,,,
Leek, Parsnip, Pepper, Cucumber,,,,,,
Corn, Artichoke, Brussels sprouts, Asparagus,,,,,,
Spinach, Bean sprouts, Red onion, Leek, Collard greens,,,,,
Cauliflower, Yam, Cactus pear, Cucumber, Garlic,,,,,
Endive, Artichoke, Spinach, Bell pepper, Celery,,,,,
Red cabbage, Lettuce,,,,,,,,
Green beans, Radish,,,,,,,,
Endive, Red cabbage,,,,,,,,
Carrot, Pumpkin,,,,,,,,
Escarole, Sweet potato,,,,,,,,
Bell pepper, Cabbage,,,,,,,,
Pumpkin, Cactus pear, Radicchio,,,,,,,
Eggplant, Zucchini, Onion,,,,,,,
Mushroom, Onion, Brussels sprouts,,,,,,,
Radicchio, Red cabbage, Tomato, Radish,,,,,,
Bean sprouts, Lettuce, Red chili pepper, Bamboo shoots,,,,,,
Pumpkin, Green beans, Pepper, Endive,,,,,,
Radicchio, Collard greens,,,,,,,,
Broccoli, Sweet potato,,,,,,,,
Radish, Cucumber,,,,,,,,
Carrot, Bamboo shoots,,,,,,,,
Mushroom, Leek, Pumpkin,,,,,,,
Cactus pear, Corn, Parsnip,,,,,,,
Onion, Radish, Sweet potato,,,,,,,
Carrot, Broccoli, Bell pepper,,,,,,,
Green onion, Chayote, Broccoli, Cauliflower,,,,,,
Parsnip, Carrot, Broccoli, Cactus pear,,,,,,
Tomato, Yellow squash, Garlic, Celery,,,,,,
Green beans, Pepper, Red chili pepper, Cabbage,,,,,,
Red cabbage, Yam, Beetroot, Cabbage,,,,,,
Onion, Corn, Celery, Pumpkin,,,,,,
Collard greens, Mushroom,,,,,,,,
Pepper, Radicchio,,,,,,,,
Lettuce, Bell pepper,,,,,,,,
Cucumber, Radish,,,,,,,,
Tomato, Escarole,,,,,,,,
Leek, Celery, Tomato,,,,,,,
Carrot, Corn, Red cabbage,,,,,,,
Zucchini, Radish, Collard greens,,,,,,,
Cauliflower, Zucchini, Tomato,,,,,,,
Yam, Asparagus, Onion,,,,,,,
Brussels sprouts, Broccoli, Garlic, Collard greens,,,,,,
Mushroom, Endive, Garlic, Escarole,,,,,,
Asparagus, Red cabbage, Green onion, Bamboo shoots,,,,,,
Spinach, Cabbage, Radish, Lettuce,,,,,,
Pepper, Red chili pepper,,,,,,,,
Green onion, Lettuce,,,,,,,,
Onion, Sweet potato,,,,,,,,
Zucchini, Yellow squash,,,,,,,,
Bell pepper, Zucchini,,,,,,,,
Bamboo shoots, Cactus pear,,,,,,,,
Carrot, Artichoke, Red cabbage,,,,,,,
Green onion, Garlic, Spinach,,,,,,,
Bean sprouts, Onion, Red onion,,,,,,,
Cucumber, Radish, Radicchio, Zucchini,,,,,,
Corn, Red cabbage, Beans, Onion,,,,,,
Artichoke, Cabbage, Cucumber, Yam,,,,,,
Celery, Yellow squash, Sweet potato, Spinach, Pumpkin,,,,,
Red cabbage, Green onion, Broccoli, Bell pepper, Escarole,,,,,
Red chili pepper, Green beans, Broccoli, Cabbage, Asparagus,,,,,
Collard greens, Lettuce, Cabbage, Bean sprouts, Garlic, Brussels sprouts,,,,
Lettuce, Red onion, Potato, Green onion, Brussels sprouts, Pepper,,,,
Tomato, Potato,,,,,,,,
Green onion, Cucumber,,,,,,,,
Cabbage, Collard greens,,,,,,,,
Cucumber, Cactus pear,,,,,,,,
Red chili pepper, Bamboo shoots, Red cabbage,,,,,,,
Bamboo shoots, Red onion, Red chili pepper,,,,,,,
Lettuce, Zucchini, Beetroot,,,,,,,
Brussels sprouts, Cauliflower, Bell pepper,,,,,,,
Collard greens, Celery,,,,,,,,
Beans, Escarole,,,,,,,,
Red onion, Potato,,,,,,,,
Green beans, Green onion, Broccoli,,,,,,,
Zucchini, Cabbage, Broccoli,,,,,,,
Beetroot, Bamboo shoots, Pea,,,,,,,
Sweet potato, Carrot, Pepper,,,,,,,
Beans, Beetroot,,,,,,,,
Pea, Potato,,,,,,,,
Bell pepper, Brussels sprouts,,,,,,,,
Broccoli, Zucchini,,,,,,,,
Yellow squash, Brussels sprouts, Chayote, Sweet potato,,,,,,
Mushroom, Carrot, Yam, Chayote,,,,,,
Cauliflower, Garlic, Chayote, Beans,,,,,,
Potato, Radish, Sweet potato, Parsnip,,,,,,
Mushroom, Bean sprouts, Cucumber,,,,,,,
Bell pepper, Corn, Yellow squash,,,,,,,
Radish, Garlic, Potato,,,,,,,
Beans, Mushroom, Bamboo shoots,,,,,,,
Endive, Red cabbage,,,,,,,,
Corn, Yam,,,,,,,,
Parsnip, Celery,,,,,,,,
Pea, Onion,,,,,,,,
Potato, Red onion, Radish,,,,,,,
Bamboo shoots, Lettuce, Pumpkin,,,,,,,
Green beans, Beetroot, Sweet potato,,,,,,,
Chayote, Brussels sprouts, Bamboo shoots,,,,,,,
Asparagus, Red onion,,,,,,,,
Escarole, Red chili pepper,,,,,,,,
Parsnip, Bamboo shoots,,,,,,,,
Mushroom, Spinach,,,,,,,,
Yam, Lettuce, Potato, Green beans,,,,,,
Collard greens, Yam, Bell pepper, Garlic,,,,,,
Radish, Yellow squash, Brussels sprouts, Green beans,,,,,,
Bean sprouts, Collard greens, Cabbage, Pepper,,,,,,
Bamboo shoots, Pepper, Carrot,,,,,,,
Beans, Garlic, Sweet potato,,,,,,,
Beans, Pepper, Green onion,,,,,,,
Pea, Artichoke, Bell pepper,,,,,,,
Endive, Leek,,,,,,,,
Beans, Green onion,,,,,,,,
Artichoke, Beetroot,,,,,,,,
Leek, Onion,,,,,,,,
Bell pepper, Cucumber, Red chili pepper,,,,,,,
Eggplant, Brussels sprouts, Onion,,,,,,,
Chayote, Broccoli, Beetroot,,,,,,,
Radicchio, Chayote,,,,,,,,
Red cabbage, Artichoke,,,,,,,,
Potato, Red cabbage,,,,,,,,
Brussels sprouts, Zucchini,,,,,,,,
Red onion, Beetroot,,,,,,,,
Red chili pepper, Mushroom, Bamboo shoots,,,,,,,
Endive, Red cabbage, Chayote,,,,,,,
Red cabbage, Parsnip, Corn,,,,,,,
Chayote, Beetroot, Asparagus,,,,,,,
Bell pepper, Leek, Beetroot,,,,,,,
Lettuce, Cucumber,,,,,,,,
Mushroom, Red onion,,,,,,,,
Beans, Chayote,,,,,,,,
Corn, Potato,,,,,,,,
Tomato, Endive,,,,,,,,
Pumpkin, Red onion,,,,,,,,
Leek, Mushroom, Garlic,,,,,,,
Asparagus, Corn, Potato,,,,,,,
Brussels sprouts, Carrot, Eggplant,,,,,,,
Spinach, Leek, Pumpkin,,,,,,,
Garlic, Cabbage,,,,,,,,
Lettuce, Yellow squash,,,,,,,,
Cactus pear, Artichoke,,,,,,,,
Pumpkin, Yam,,,,,,,,
Carrot, Radicchio,,,,,,,,
Red onion, Cactus pear, Tomato, Beans,,,,,,
Red onion, Parsnip, Broccoli, Collard greens,,,,,,
Collard greens, Endive, Bamboo shoots, Green onion,,,,,,
Zucchini, Yam, Radish, Eggplant,,,,,,
Bell pepper, Eggplant,,,,,,,,
Radish, Pepper,,,,,,,,
Potato, Eggplant,,,,,,,,
Brussels sprouts, Collard greens,,,,,,,,
Lettuce, Garlic,,,,,,,,
Green onion, Escarole,,,,,,,,
Corn, Green onion, Bamboo shoots, Bean sprouts,,,,,,
Spinach, Cabbage, Leek, Radicchio,,,,,,
Tomato, Radicchio, Eggplant, Beans,,,,,,
Green onion, Zucchini, Yam, Spinach,,,,,,
Asparagus, Pea,,,,,,,,
Celery, Zucchini,,,,,,,,
Beans, Mushroom,,,,,,,,
Corn, Artichoke,,,,,,,,
Red chili pepper, Potato, Parsnip,,,,,,,
Radish, Carrot, Corn,,,,,,,
Red cabbage, Pea, Green onion,,,,,,,
Eggplant, Bean sprouts, Green beans,,,,,,,
Collard greens, Green beans,,,,,,,,
Pepper, Beetroot,,,,,,,,
Cabbage, Broccoli,,,,,,,,
Corn, Cauliflower,,,,,,,,
Endive, Carrot,,,,,,,,
Bamboo shoots, Corn,,,,,,,,
Carrot, Pumpkin,,,,,,,,
Cactus pear, Radish,,,,,,,,
Carrot, Pumpkin, Leek,,,,,,,
Beans, Red cabbage, Bell pepper,,,,,,,
Pea, Yellow squash, Leek,,,,,,,
Chayote, Asparagus, Broccoli,,,,,,,
Beans, Radish, Endive, Spinach,,,,,,
Yellow squash, Bamboo shoots, Collard greens, Tomato,,,,,,
Red cabbage, Onion, Tomato, Pea,,,,,,
Radicchio, Artichoke, Bell pepper, Green onion,,,,,,
Celery, Red cabbage, Garlic, Potato,,,,,,
Red cabbage, Cucumber, Pea, Sweet potato,,,,,,
Potato, Yellow squash,,,,,,,,
Beetroot, Beans,,,,,,,,
Pepper, Cucumber,,,,,,,,
Collard greens, Brussels sprouts,,,,,,,,
Cauliflower, Cucumber, Celery,,,,,,,
Sweet potato, Bamboo shoots, Onion,,,,,,,
Red chili pepper, Bamboo shoots, Corn,,,,,,,
Red cabbage, Onion, Cauliflower,,,,,,,
Radish, Cabbage, Cactus pear, Broccoli,,,,,,
Bean sprouts, Pepper, Asparagus, Onion,,,,,,
Eggplant, Yellow squash, Cucumber, Green beans,,,,,,
Red cabbage, Lettuce, Red chili pepper, Tomato, Asparagus, Green beans, Cactus pear,,,
Red cabbage, Radish, Yellow squash, Asparagus, Chayote, Bamboo shoots, Lettuce,,,
Endive, Cactus pear,,,,,,,,
Red chili pepper, Endive,,,,,,,,
Carrot, Garlic,,,,,,,,
Lettuce, Celery,,,,,,,,
Broccoli, Asparagus,,,,,,,,
Green onion, Yam, Bamboo shoots,,,,,,,
Beetroot, Cucumber, Corn,,,,,,,
Beans, Broccoli, Sweet potato,,,,,,,
Leek, Cactus pear, Pea,,,,,,,
Cucumber, Bamboo shoots,,,,,,,,
Mushroom, Pea,,,,,,,,
Zucchini, Pea,,,,,,,,
Green beans, Escarole,,,,,,,,
Escarole, Radicchio, Leek,,,,,,,
Cucumber, Green onion, Garlic,,,,,,,
Leek, Garlic, Asparagus,,,,,,,
Cucumber, Pepper, Bean sprouts, Corn,,,,,,
Yam, Mushroom, Red chili pepper, Escarole,,,,,,
Eggplant, Parsnip, Cactus pear, Green beans,,,,,,
Pea, Brussels sprouts,,,,,,,,
Red cabbage, Artichoke,,,,,,,,
Lettuce, Parsnip,,,,,,,,
Beetroot, Endive,,,,,,,,
Beans, Cauliflower, Pepper, Carrot, Onion,,,,,
Beetroot, Spinach, Escarole, Cactus pear, Cabbage,,,,,
Lettuce, Beans, Red chili pepper, Yam, Red onion,,,,,
Cabbage, Collard greens, Zucchini, Tomato, Pepper,,,,,
Collard greens, Carrot,,,,,,,,
Potato, Bamboo shoots,,,,,,,,
Cactus pear, Radicchio,,,,,,,,
Leek, Corn,,,,,,,,
Lettuce, Green onion,,,,,,,,
Chayote, Eggplant, Yellow squash,,,,,,,
Garlic, Bell pepper, Green beans,,,,,,,
Bean sprouts, Leek, Pepper,,,,,,,
Parsnip, Cauliflower, Beetroot,,,,,,,
Pepper, Potato, Corn, Green onion,,,,,,
Beans, Radish, Endive, Asparagus,,,,,,
Red cabbage, Cactus pear, Cabbage, Corn,,,,,,
Beans, Spinach, Mushroom, Bell pepper, Celery, Cactus pear, Radish, Carrot,,
Cactus pear, Broccoli, Carrot, Red chili pepper, Corn, Radicchio, Chayote, Mushroom,,
Chayote, Corn, Bell pepper, Garlic, Pea, Red onion, Cauliflower, Green beans,,
Brussels sprouts, Beans, Zucchini, Radish, Carrot, Red cabbage, Parsnip, Pumpkin,,
Artichoke, Red cabbage, Sweet potato, Chayote, Bean sprouts, Carrot, Corn, Endive,,
Green beans, Pea,,,,,,,,
Bamboo shoots, Lettuce,,,,,,,,
Asparagus, Tomato,,,,,,,,
Corn, Onion,,,,,,,,
Endive, Cauliflower, Pea,,,,,,,
Artichoke, Pepper, Bell pepper,,,,,,,
Radicchio, Celery, Bean sprouts,,,,,,,
Brussels sprouts, Bamboo shoots, Asparagus,,,,,,,
Bell pepper, Garlic, Parsnip, Red chili pepper,,,,,,
Pumpkin, Lettuce, Cauliflower, Cucumber,,,,,,
Yam, Bell pepper, Sweet potato, Pepper,,,,,,
Radish, Cabbage, Pea, Beetroot,,,,,,
Green onion, Bell pepper, Pumpkin, Lettuce, Leek, Yam, Red onion, Garlic, Yellow squash, Zucchini
Collard greens, Artichoke, Celery, Beetroot, Zucchini, Tomato, Radicchio, Broccoli, Escarole, Bell pepper
Carrot, Green onion, Red chili pepper, Bamboo shoots, Endive, Collard greens, Parsnip, Pea, Garlic, Zucchini
Bean sprouts, Leek,,,,,,,,
Yellow squash, Zucchini,,,,,,,,
Yellow squash, Red cabbage,,,,,,,,
Radish, Radicchio,,,,,,,,
Red cabbage, Red chili pepper, Onion,,,,,,,
Corn, Bamboo shoots, Potato,,,,,,,
Yam, Mushroom, Celery,,,,,,,
Endive, Zucchini, Cauliflower,,,,,,,
Zucchini, Beans, Pepper, Green beans, Cactus pear,,,,,
Radicchio, Tomato, Bamboo shoots, Bell pepper, Red onion,,,,,
Red cabbage, Sweet potato, Spinach, Celery, Onion,,,,,
Broccoli, Cabbage, Pepper, Pea, Cactus pear,,,,,
Pea, Radish,,,,,,,,
Cauliflower, Radish,,,,,,,,
Mushroom, Cucumber,,,,,,,,
Artichoke, Spinach,,,,,,,,
Escarole, Artichoke,,,,,,,,
Green onion, Red chili pepper, Pea, Bamboo shoots,,,,,,
Brussels sprouts, Zucchini, Corn, Bamboo shoots,,,,,,
Broccoli, Beetroot, Collard greens, Mushroom,,,,,,
Pea, Red onion, Endive,,,,,,,
Yellow squash, Yam, Onion,,,,,,,
Onion, Beetroot, Red chili pepper,,,,,,,
Endive, Zucchini, Mushroom,,,,,,,
Escarole, Beetroot,,,,,,,,
Garlic, Pumpkin,,,,,,,,
Yellow squash, Bell pepper,,,,,,,,
Onion, Brussels sprouts,,,,,,,,
Celery, Lettuce, Cactus pear, Yam,,,,,,
Pumpkin, Sweet potato, Cauliflower, Broccoli,,,,,,
Lettuce, Radicchio, Collard greens, Yellow squash,,,,,,
Tomato, Cactus pear, Yellow squash, Eggplant,,,,,,
Escarole, Bell pepper, Cactus pear, Cabbage, Parsnip,,,,,
Yellow squash, Red cabbage, Collard greens, Artichoke, Escarole,,,,,
Red onion, Garlic, Green beans, Radicchio, Potato,,,,,
Green beans, Red onion,,,,,,,,
Beans, Onion,,,,,,,,
Radish, Red chili pepper,,,,,,,,
Red onion, Spinach, Artichoke,,,,,,,
Potato, Parsnip, Celery,,,,,,,
Mushroom, Collard greens, Sweet potato,,,,,,,
Spinach, Carrot, Mushroom,,,,,,,
Garlic, Red cabbage,,,,,,,,
Zucchini, Cactus pear,,,,,,,,
Carrot, Beetroot,,,,,,,,
Beans, Tomato,,,,,,,,
Lettuce, Bell pepper,,,,,,,,
Beetroot, Chayote, Beans, Green onion,,,,,,
Radicchio, Bean sprouts, Cucumber, Asparagus,,,,,,
Collard greens, Brussels sprouts, Eggplant, Parsnip,,,,,,
Beans, Potato, Lettuce, Carrot,,,,,,
Tomato, Pea, Cactus pear,,,,,,,
Collard greens, Yam, Carrot,,,,,,,
Cucumber, Red cabbage, Cabbage,,,,,,,
Beans, Cauliflower, Spinach,,,,,,,
Broccoli, Carrot,,,,,,,,
Corn, Green onion,,,,,,,,
Pumpkin, Potato,,,,,,,,
Leek, Red chili pepper,,,,,,,,
Mushroom, Garlic,,,,,,,,
Bell pepper, Escarole, Zucchini,,,,,,,
Pepper, Bell pepper, Beetroot,,,,,,,
Beetroot, Pumpkin, Cucumber,,,,,,,
Artichoke, Mushroom, Cucumber, Beans, Brussels sprouts,,,,,
Radish, Cabbage, Artichoke, Green beans, Yellow squash,,,,,
Celery, Mushroom, Yam, Green beans, Zucchini,,,,,
Yellow squash, Celery,,,,,,,,
Cucumber, Corn,,,,,,,,
Artichoke, Green onion,,,,,,,,
Cauliflower, Pepper, Potato,,,,,,,
Beans, Garlic, Green beans,,,,,,,
Brussels sprouts, Chayote, Red onion,,,,,,,
Radicchio, Leek, Potato,,,,,,,
Onion, Radish, Radicchio,,,,,,,
Garlic, Collard greens, Radish,,,,,,,
Mushroom, Lettuce, Garlic, Cactus pear,,,,,,
Yellow squash, Mushroom, Red chili pepper, Cabbage,,,,,,
Zucchini, Escarole, Pea, Chayote,,,,,,
Tomato, Beans, Chayote, Zucchini, Spinach,,,,,
Radish, Bean sprouts, Bell pepper, Escarole, Corn,,,,,
Celery, Collard greens, Potato, Zucchini, Broccoli,,,,,
Endive, Corn, Sweet potato, Bell pepper, Cauliflower,,,,,
Bamboo shoots, Leek,,,,,,,,
Green beans, Parsnip,,,,,,,,
Collard greens, Carrot,,,,,,,,
Cactus pear, Green beans,,,,,,,,
Red onion, Red cabbage,,,,,,,,
Beans, Bell pepper,,,,,,,,
Bamboo shoots, Beetroot, Brussels sprouts,,,,,,,
Carrot, Parsnip, Bell pepper,,,,,,,
Cucumber, Leek, Artichoke, Radish,,,,,,
Endive, Pea, Red chili pepper, Red onion,,,,,,
Mushroom, Red chili pepper, Endive, Sweet potato,,,,,,
Cabbage, Red onion,,,,,,,,
Celery, Collard greens,,,,,,,,
Carrot, Radish,,,,,,,,
Radish, Beetroot,,,,,,,,
Bamboo shoots, Endive,,,,,,,,
Parsnip, Red chili pepper, Bamboo shoots, Radish,,,,,,
Zucchini, Red cabbage, Bean sprouts, Red onion,,,,,,
Artichoke, Beetroot, Onion, Cabbage,,,,,,
Pumpkin, Pea, Zucchini,,,,,,,
Bell pepper, Pepper, Bean sprouts,,,,,,,
Pumpkin, Eggplant, Brussels sprouts,,,,,,,
Yam, Beetroot, Cauliflower,,,,,,,
Onion, Artichoke, Corn,,,,,,,
Cauliflower, Endive,,,,,,,,
Onion, Asparagus,,,,,,,,
Beans, Bamboo shoots,,,,,,,,
Bamboo shoots, Endive,,,,,,,,
Radish, Red cabbage, Collard greens,,,,,,,
Yellow squash, Cucumber, Lettuce,,,,,,,
Potato, Beetroot, Endive,,,,,,,
Radish, Green beans, Red cabbage,,,,,,,
Radish, Collard greens, Spinach, Bell pepper, Onion,,,,,
Broccoli, Collard greens, Yam, Red onion, Carrot,,,,,
Carrot, Collard greens, Potato, Escarole, Tomato,,,,,
Cauliflower, Zucchini, Red cabbage, Bean sprouts, Red onion,,,,,
Green onion, Cactus pear, Garlic, Radicchio, Potato, Parsnip,,,,
Red cabbage, Artichoke, Cactus pear, Spinach, Radish, Lettuce,,,,
Radicchio, Cabbage, Endive, Lettuce, Collard greens, Pumpkin,,,,
Endive, Leek, Onion, Potato, Garlic, Tomato,,,,
Chayote, Mushroom,,,,,,,,
Mushroom, Endive,,,,,,,,
Potato, Bell pepper,,,,,,,,
Yam, Potato,,,,,,,,
Green onion, Pumpkin,,,,,,,,
Red onion, Radicchio,,,,,,,,
Spinach, Red onion, Bean sprouts,,,,,,,
Celery, Leek, Garlic,,,,,,,
Red onion, Yam, Potato,,,,,,,
Green beans, Red chili pepper, Brussels sprouts,,,,,,,
Asparagus, Red cabbage, Broccoli,,,,,,,
Beetroot, Pepper, Eggplant, Brussels sprouts,,,,,,
Pumpkin, Lettuce, Beetroot, Carrot,,,,,,
Broccoli, Celery, Lettuce, Red onion,,,,,,
Endive, Radicchio, Garlic, Pea,,,,,,
Corn, Leek,,,,,,,,
Celery, Yellow squash,,,,,,,,
Red cabbage, Red onion,,,,,,,,
Cucumber, Tomato,,,,,,,,
Red cabbage, Yellow squash,,,,,,,,
Beans, Radish, Beetroot, Green onion, Tomato,,,,,
Potato, Green onion, Sweet potato, Red onion, Chayote,,,,,
Lettuce, Brussels sprouts, Mushroom, Yam, Endive,,,,,
Radicchio, Bell pepper, Green beans, Pea, Pepper,,,,,
Cucumber, Yellow squash, Garlic, Eggplant,,,,,,
Carrot, Corn, Pumpkin, Cactus pear,,,,,,
Cucumber, Bamboo shoots, Red onion, Cauliflower,,,,,,
Red onion, Escarole, Yellow squash, Cauliflower,,,,,,
Red cabbage, Radicchio,,,,,,,,
Spinach, Red onion,,,,,,,,
Beetroot, Pumpkin,,,,,,,,
Collard greens, Red onion,,,,,,,,
Endive, Yellow squash, Leek,,,,,,,
Zucchini, Asparagus, Pepper,,,,,,,
Zucchini, Cauliflower, Corn,,,,,,,
Red chili pepper, Cabbage, Leek,,,,,,,
Radish, Eggplant, Yellow squash, Escarole,,,,,,
Cauliflower, Bean sprouts, Cactus pear, Beetroot,,,,,,
Green onion, Yellow squash, Leek, Cabbage,,,,,,
Escarole, Parsnip, Bean sprouts, Corn,,,,,,
Carrot, Yellow squash,,,,,,,,
Red onion, Sweet potato,,,,,,,,
Leek, Bamboo shoots, Pepper,,,,,,,
Red cabbage, Zucchini, Cactus pear,,,,,,,
Red cabbage, Broccoli, Cucumber,,,,,,,
Asparagus, Zucchini, Brussels sprouts,,,,,,,
Red cabbage, Zucchini,,,,,,,,
Red cabbage, Radish,,,,,,,,
Radish, Tomato,,,,,,,,
Green onion, Spinach,,,,,,,,
Cucumber, Lettuce, Escarole, Green beans, Beetroot,,,,,
Pumpkin, Yellow squash, Artichoke, Carrot, Mushroom,,,,,
Bean sprouts, Artichoke, Red cabbage, Zucchini, Red chili pepper,,,,,
Beans, Cucumber, Potato, Bean sprouts,,,,,,
Endive, Red cabbage, Zucchini, Mushroom,,,,,,
Yellow squash, Spinach, Cactus pear, Artichoke,,,,,,
Broccoli, Beetroot, Sweet potato, Pea,,,,,,
Chayote, Green onion, Lettuce,,,,,,,
Bean sprouts, Yellow squash, Corn,,,,,,,
Beetroot, Escarole, Yellow squash,,,,,,,
Red chili pepper, Parsnip, Carrot,,,,,,,
Broccoli, Garlic, Cabbage, Yam, Pea, Cauliflower, Celery,,,
Onion, Endive, Bamboo shoots, Corn, Green onion, Leek, Pepper,,,
Beans, Parsnip, Red onion, Mushroom, Green beans, Brussels sprouts, Radish,,,
Celery, Tomato, Collard greens, Garlic, Brussels sprouts, Broccoli, Green onion,,,
Cactus pear, Radish, Collard greens, Chayote, Potato, Carrot, Onion,,,
Beans, Parsnip,,,,,,,,
Cauliflower, Green onion,,,,,,,,
Collard greens, Red onion,,,,,,,,
Spinach, Red onion,,,,,,,,
Carrot, Escarole, Chayote,,,,,,,
Corn, Pepper, Lettuce,,,,,,,
Potato, Bamboo shoots, Radicchio,,,,,,,
Spinach, Cucumber, Radicchio,,,,,,,
Collard greens, Mushroom, Parsnip, Onion, Red cabbage, Pepper,,,,
Garlic, Beans, Chayote, Endive, Onion, Yam,,,,
Garlic, Cabbage, Artichoke, Bell pepper, Radicchio, Tomato,,,,
Zucchini, Carrot, Pea,,,,,,,
Brussels sprouts, Celery, Sweet potato,,,,,,,
Green onion, Broccoli, Tomato,,,,,,,
Bean sprouts, Cucumber, Artichoke,,,,,,,
Tomato, Carrot,,,,,,,,
Cauliflower, Red chili pepper,,,,,,,,
Eggplant, Carrot,,,,,,,,
Cactus pear, Bamboo shoots,,,,,,,,
Mushroom, Cactus pear, Red cabbage, Sweet potato,,,,,,
Parsnip, Cauliflower, Leek, Cactus pear,,,,,,
Onion, Lettuce, Cauliflower, Cabbage,,,,,,
Collard greens, Zucchini, Parsnip, Chayote, Red onion,,,,,
Collard greens, Broccoli, Lettuce, Bamboo shoots, Onion,,,,,
Beetroot, Cucumber,,,,,,,,
Brussels sprouts, Carrot,,,,,,,,
Bell pepper, Cactus pear,,,,,,,,
Green onion, Tomato,,,,,,,,
Bamboo shoots, Asparagus, Lettuce, Celery,,,,,,
Cactus pear, Mushroom, Garlic, Artichoke,,,,,,
Beetroot, Pumpkin, Yam,,,,,,,
Tomato, Cactus pear, Radicchio,,,,,,,
Green onion, Leek, Beans,,,,,,,
Garlic, Escarole,,,,,,,,
Broccoli, Bean sprouts,,,,,,,,
Potato, Zucchini,,,,,,,,
Pea, Parsnip, Escarole,,,,,,,
Artichoke, Eggplant, Radish,,,,,,,
Lettuce, Tomato, Beans,,,,,,,
Pumpkin, Yam, Chayote,,,,,,,
Green beans, Garlic,,,,,,,,
Bamboo shoots, Mushroom,,,,,,,,
Radicchio, Broccoli, Leek,,,,,,,
Mushroom, Parsnip, Bell pepper,,,,,,,
Eggplant, Asparagus, Onion,,,,,,,
Bamboo shoots, Sweet potato, Escarole,,,,,,,
Leek, Celery, Beans, Pumpkin,,,,,,
Green onion, Eggplant, Bell pepper, Collard greens,,,,,,
Yam, Radicchio,,,,,,,,
Pumpkin, Cauliflower,,,,,,,,
Cauliflower, Tomato, Cactus pear, Collard greens,,,,,,
Escarole, Broccoli, Pea, Zucchini,,,,,,
Mushroom, Lettuce, Pumpkin, Radish, Potato, Broccoli,,,,
Parsnip, Red onion, Asparagus, Beans, Collard greens, Cucumber,,,,
Red cabbage, Endive,,,,,,,,
Cucumber, Beetroot,,,,,,,,
Sweet potato, Carrot,,,,,,,,
Green onion, Beans, Pepper,,,,,,,
Red chili pepper, Cabbage, Cactus pear,,,,,,,
Collard greens, Cactus pear, Escarole,,,,,,,
Cactus pear, Artichoke,,,,,,,,
Collard greens, Potato,,,,,,,,
Red onion, Artichoke,,,,,,,,
Green beans, Bean sprouts,,,,,,,,
Escarole, Onion, Bamboo shoots,,,,,,,
Bamboo shoots, Corn, Pea,,,,,,,
Collard greens, Sweet potato, Cauliflower,,,,,,,
Beans, Onion, Cauliflower, Carrot, Garlic, Leek, Beetroot,,,
Artichoke, Pea, Leek, Spinach, Corn, Red onion, Celery,,,
Broccoli, Garlic, Cauliflower, Yellow squash, Eggplant, Radicchio, Tomato,,,
Cauliflower, Beans,,,,,,,,
Bamboo shoots, Bean sprouts,,,,,,,,
Parsnip, Cactus pear,,,,,,,,
Spinach, Sweet potato, Yellow squash,,,,,,,
Radicchio, Beans, Brussels sprouts,,,,,,,
Beetroot, Zucchini, Cabbage,,,,,,,
Garlic, Broccoli, Zucchini, Endive,,,,,,
Asparagus, Bamboo shoots, Chayote, Zucchini,,,,,,
Carrot, Onion, Bell pepper, Potato,,,,,,
Cabbage, Spinach,,,,,,,,
Bean sprouts, Mushroom,,,,,,,,
Radish, Green onion,,,,,,,,
Bamboo shoots, Corn, Red cabbage,,,,,,,
Beetroot, Onion, Radish,,,,,,,
Beans, Red chili pepper, Corn, Brussels sprouts,,,,,,
Carrot, Cucumber, Pepper, Chayote,,,,,,
Radish, Mushroom, Potato, Escarole,,,,,,
Escarole, Garlic, Spinach, Brussels sprouts, Pepper,,,,,
Yellow squash, Pepper, Beetroot, Garlic, Asparagus,,,,,
Brussels sprouts, Collard greens, Pumpkin, Celery, Beans,,,,,
Brussels sprouts, Eggplant,,,,,,,,
Pepper, Yellow squash,,,,,,,,
Carrot, Yellow squash,,,,,,,,
Onion, Cactus pear,,,,,,,,
Yam, Spinach, Yellow squash,,,,,,,
Cactus pear, Tomato, Beetroot,,,,,,,
Tomato, Potato, Asparagus,,,,,,,
Artichoke, Bamboo shoots, Potato, Yam,,,,,,
Onion, Potato, Broccoli, Carrot,,,,,,
Beans, Red onion, Eggplant, Chayote,,,,,,
Green onion, Yam,,,,,,,,
Cauliflower, Pumpkin,,,,,,,,
Sweet potato, Onion,,,,,,,,
Corn, Radish, Red chili pepper,,,,,,,
Endive, Radicchio, Potato,,,,,,,
Red cabbage, Yellow squash, Cauliflower,,,,,,,
Celery, Red chili pepper, Radicchio, Sweet potato, Tomato,,,,,
Green beans, Bean sprouts, Cauliflower, Endive, Leek,,,,,
Carrot, Cabbage,,,,,,,,
Green onion, Escarole,,,,,,,,
Potato, Onion,,,,,,,,
Endive, Beetroot, Cucumber,,,,,,,
Pepper, Beans, Bamboo shoots,,,,,,,
Red onion, Eggplant, Sweet potato,,,,,,,
Endive, Escarole, Red onion, Spinach,,,,,,
Radish, Mushroom, Bean sprouts, Potato,,,,,,
Broccoli, Onion, Artichoke, Cucumber,,,,,,
Bamboo shoots, Carrot, Parsnip, Spinach, Bell pepper,,,,,
Endive, Pumpkin, Cactus pear, Bamboo shoots, Sweet potato,,,,,
Mushroom, Red onion, Beans, Escarole, Broccoli, Green onion,,,,
Cabbage, Artichoke, Broccoli, Zucchini, Cucumber, Onion,,,,
Bean sprouts, Yellow squash, Beans, Radish, Zucchini, Leek, Lettuce,,,
Brussels sprouts, Corn, Carrot, Radish, Cabbage, Cauliflower, Green onion,,,
Eggplant, Cabbage, Garlic, Cucumber, Endive, Celery, Cactus pear,,,
Carrot, Cabbage,,,,,,,,
Tomato, Cabbage,,,,,,,,
Brussels sprouts, Celery, Parsnip,,,,,,,
Cactus pear, Leek, Tomato,,,,,,,
Corn, Brussels sprouts, Leek,,,,,,,
Pepper, Asparagus,,,,,,,,
Lettuce, Tomato,,,,,,,,
Onion, Corn,,,,,,,,
Red chili pepper, Beetroot,,,,,,,,
Red chili pepper, Green onion, Cactus pear,,,,,,,
Bell pepper, Green beans, Cabbage,,,,,,,
Artichoke, Bean sprouts, Red cabbage, Leek,,,,,,
Red cabbage, Potato, Sweet potato, Red chili pepper,,,,,,
Cucumber, Eggplant, Artichoke, Pumpkin,,,,,,
Tomato, Radish,,,,,,,,
Sweet potato, Pumpkin,,,,,,,,
Artichoke, Onion,,,,,,,,
Asparagus, Cactus pear, Green onion,,,,,,,
Lettuce, Red cabbage, Parsnip,,,,,,,
Cactus pear, Zucchini, Collard greens,,,,,,,
Beetroot, Garlic, Pea,,,,,,,
Bean sprouts, Escarole, Red chili pepper, Yellow squash, Green onion,,,,,
Asparagus, Garlic, Potato, Green onion, Parsnip,,,,,
Endive, Brussels sprouts, Radish, Bell pepper, Asparagus,,,,,
Bean sprouts, Escarole, Leek, Mushroom,,,,,,
Beans, Parsnip, Lettuce, Onion,,,,,,
Collard greens, Green onion,,,,,,,,
Yellow squash, Parsnip,,,,,,,,
Sweet potato, Bean sprouts, Collard greens,,,,,,,
Pepper, Collard greens, Lettuce,,,,,,,
Spinach, Bamboo shoots, Red cabbage, Cactus pear,,,,,,
Broccoli, Onion, Celery, Beans,,,,,,
Red cabbage, Green beans, Potato, Parsnip, Cactus pear,,,,,
Radicchio, Leek, Green beans, Cucumber, Pumpkin,,,,,
Endive, Onion,,,,,,,,
Potato, Brussels sprouts,,,,,,,,
Sweet potato, Green beans, Green onion,,,,,,,
Corn, Carrot, Pepper,,,,,,,
Bamboo shoots, Celery, Cucumber, Bell pepper,,,,,,
Chayote, Beetroot, Red chili pepper, Cabbage,,,,,,
Yellow squash, Zucchini, Cauliflower, Mushroom,,,,,,
Carrot, Beans, Cactus pear, Cauliflower, Artichoke,,,,,
Radicchio, Asparagus, Pepper, Beetroot, Leek,,,,,
Corn, Endive, Red onion, Collard greens, Bean sprouts, Bell pepper,,,,
Bamboo shoots, Zucchini, Chayote, Yam, Spinach, Red cabbage,,,,
Chayote, Radicchio, Asparagus, Celery, Yam, Onion,,,,
Collard greens, Beans,,,,,,,,
Bamboo shoots, Celery,,,,,,,,
Parsnip, Garlic, Beans,,,,,,,
Celery, Bamboo shoots, Radicchio, Endive,,,,,,
Yellow squash, Pea, Onion, Tomato,,,,,,
Cauliflower, Leek, Yellow squash, Collard greens, Pea,,,,,
Green onion, Mushroom, Parsnip, Pumpkin, Spinach,,,,,
Leek, Cactus pear, Brussels sprouts,,,,,,,
Bamboo shoots, Asparagus, Tomato,,,,,,,
Pepper, Beetroot,,,,,,,,
Eggplant, Onion,,,,,,,,
Pea, Collard greens,,,,,,,,
Endive, Asparagus, Escarole,,,,,,,
Escarole, Spinach, Eggplant,,,,,,,
Cactus pear, Carrot, Radish,,,,,,,
Chayote, Eggplant, Broccoli, Asparagus,,,,,,
Beetroot, Green onion, Carrot, Brussels sprouts,,,,,,
Cauliflower, Corn, Chayote, Artichoke, Sweet potato,,,,,
Parsnip, Asparagus, Zucchini, Pepper, Onion,,,,,
Leek, Eggplant,,,,,,,,
Cactus pear, Pepper,,,,,,,,
Artichoke, Celery, Onion,,,,,,,
Radicchio, Red chili pepper, Potato,,,,,,,
Chayote, Corn, Garlic, Pumpkin,,,,,,
Artichoke, Cauliflower, Parsnip, Eggplant,,,,,,
Cucumber, Bamboo shoots, Endive, Bell pepper, Radish,,,,,
Cactus pear, Green onion, Endive, Bamboo shoots, Yam,,,,,
Pumpkin, Corn, Garlic, Red onion, Potato, Eggplant, Leek,,,
Bean sprouts, Chayote, Yam, Lettuce, Tomato, Escarole, Corn,,,
Corn, Collard greens, Radicchio, Sweet potato, Onion,,,,,
Onion, Yellow squash,,,,,,,,
Cucumber, Asparagus,,,,,,,,
Chayote, Red onion, Red chili pepper,,,,,,,
Bean sprouts, Leek, Parsnip,,,,,,,
Yam, Cactus pear, Red cabbage,,,,,,,
Green beans, Red onion, Green onion, Cauliflower,,,,,,
Celery, Beans, Yellow squash, Green beans,,,,,,
Red cabbage, Bean sprouts, Chayote, Beans,,,,,,
Mushroom, Bell pepper, Cabbage, Potato, Radicchio,,,,,
Bamboo shoots, Pepper, Bean sprouts, Mushroom, Red cabbage,,,,,
Tomato, Endive,,,,,,,,
Asparagus, Red onion,,,,,,,,
Bean sprouts, Green onion, Zucchini,,,,,,,
Red cabbage, Beetroot, Pumpkin,,,,,,,
Carrot, Beans, Endive, Collard greens,,,,,,
Zucchini, Lettuce, Corn, Pepper,,,,,,
Carrot, Brussels sprouts, Mushroom, Spinach,,,,,,
Red onion, Corn, Broccoli, Endive, Pea,,,,,
Collard greens, Bean sprouts, Leek, Eggplant, Radicchio,,,,,
Yellow squash, Red chili pepper, Cucumber,,,,,,,
Bean sprouts, Artichoke, Radicchio,,,,,,,
Pumpkin, Bamboo shoots, Beetroot,,,,,,,
Broccoli, Cucumber,,,,,,,,
Lettuce, Bell pepper,,,,,,,,
Chayote, Red onion,,,,,,,,
Pepper, Corn, Cactus pear,,,,,,,
Mushroom, Pea, Artichoke,,,,,,,
Mushroom, Celery, Artichoke, Cabbage,,,,,,
Leek, Pumpkin, Potato, Green onion,,,,,,
Escarole, Red onion, Beetroot, Leek,,,,,,
Carrot, Artichoke,,,,,,,,
Yellow squash, Garlic,,,,,,,,
Eggplant, Zucchini,,,,,,,,
Bell pepper, Parsnip, Green onion,,,,,,,
Radicchio, Chayote, Artichoke,,,,,,,
Beetroot, Bell pepper, Green beans, Leek,,,,,,
Carrot, Collard greens, Cauliflower, Artichoke,,,,,,
Red chili pepper, Cabbage,,,,,,,,
Artichoke, Zucchini,,,,,,,,
Green beans, Celery, Bean sprouts,,,,,,,
Brussels sprouts, Potato, Beetroot,,,,,,,
Beetroot, Potato, Eggplant,,,,,,,
Lettuce, Bell pepper, Potato, Asparagus,,,,,,
Red chili pepper, Pepper, Bell pepper, Yam,,,,,,
Artichoke, Lettuce,,,,,,,,
Cabbage, Endive,,,,,,,,
Sweet potato, Lettuce,,,,,,,,
Bamboo shoots, Bean sprouts, Potato,,,,,,,
Tomato, Red onion, Pepper,,,,,,,
Artichoke, Radicchio, Cauliflower,,,,,,,
Red onion, Cactus pear, Bamboo shoots, Brussels sprouts,,,,,,
Potato, Cabbage, Radicchio, Mushroom,,,,,,
Cauliflower, Pepper, Radicchio, Cucumber, Sweet potato,,,,,
Green onion, Yellow squash,,,,,,,,
Asparagus, Cactus pear,,,,,,,,
Bamboo shoots, Cactus pear,,,,,,,,
Cabbage, Cactus pear, Bamboo shoots,,,,,,,
Bamboo shoots, Pumpkin, Potato,,,,,,,
Corn, Garlic, Red cabbage, Parsnip,,,,,,
Cabbage, Pea, Cucumber, Artichoke,,,,,,
Corn, Beetroot,,,,,,,,
Corn, Broccoli,,,,,,,,
Carrot, Garlic, Eggplant,,,,,,,
Cactus pear, Radish, Tomato,,,,,,,
Cauliflower, Yam, Endive, Bamboo shoots,,,,,,
Cauliflower, Zucchini, Onion, Artichoke,,,,,,
Bamboo shoots, Cactus pear, Parsnip, Yam, Red chili pepper,,,,,
Spinach, Green beans, Red onion, Artichoke, Collard greens,,,,,
Zucchini, Bamboo shoots, Eggplant, Potato, Brussels sprouts, Broccoli,,,,
Beetroot, Asparagus, Garlic, Potato, Bean sprouts, Red onion,,,,
Lettuce, Red chili pepper,,,,,,,,
Eggplant, Cucumber,,,,,,,,
Beans, Tomato, Beetroot,,,,,,,
Lettuce, Artichoke, Pepper,,,,,,,
Garlic, Yellow squash, Pepper, Chayote,,,,,,
Escarole, Beetroot, Spinach, Eggplant,,,,,,
Carrot, Escarole, Cucumber,,,,,,,
Bell pepper, Tomato, Endive,,,,,,,
Brussels sprouts, Beans, Carrot, Red onion,,,,,,
Radicchio, Green beans,,,,,,,,
Endive, Escarole,,,,,,,,
Green onion, Chayote, Endive,,,,,,,
Pepper, Asparagus, Red cabbage,,,,,,,
Red chili pepper, Leek, Green onion, Green beans,,,,,,
Radicchio, Cactus pear, Spinach, Green onion,,,,,,
Asparagus, Green beans,,,,,,,,
Cabbage, Artichoke,,,,,,,,
Carrot, Pea, Bell pepper,,,,,,,
Pepper, Red onion, Escarole,,,,,,,
Escarole, Zucchini, Asparagus,,,,,,,
Beans, Asparagus, Parsnip, Bell pepper,,,,,,
Artichoke, Endive, Leek, Beetroot,,,,,,
Yellow squash, Green beans, Zucchini, Leek, Endive,,,,,
Artichoke, Carrot, Beans, Bell pepper, Brussels sprouts,,,,,
Escarole, Beans, Mushroom, Tomato, Onion, Chayote,,,,
Broccoli, Tomato, Cucumber, Beans, Escarole, Celery,,,,
Carrot, Cauliflower, Broccoli, Bamboo shoots, Red onion, Eggplant, Sweet potato,,,
Parsnip, Asparagus, Potato, Beans, Bamboo shoots, Radicchio, Leek,,,
Broccoli, Bean sprouts, Endive, Radish, Carrot, Beans, Onion, Cabbage,,
Pea, Potato, Chayote, Green onion, Onion, Spinach, Bean sprouts, Corn,,
Cactus pear, Carrot,,,,,,,,
Bamboo shoots, Green onion,,,,,,,,
Cactus pear, Tomato,,,,,,,,
Green beans, Radish, Cucumber,,,,,,,
Yellow squash, Pea, Bean sprouts,,,,,,,
Broccoli, Brussels sprouts, Onion, Cactus pear,,,,,,
Beetroot, Mushroom, Escarole, Asparagus,,,,,,
Cucumber, Radicchio, Artichoke, Red cabbage, Garlic, Pumpkin,,,,
Bamboo shoots, Tomato, Artichoke, Endive, Cactus pear, Lettuce,,,,
Tomato, Cauliflower,,,,,,,,
Brussels sprouts, Broccoli,,,,,,,,
Bell pepper, Onion, Green onion,,,,,,,
Green beans, Corn, Endive,,,,,,,
Broccoli, Cauliflower, Artichoke, Pea,,,,,,
Artichoke, Leek, Celery, Chayote, Garlic,,,,,
Leek, Escarole, Green beans, Chayote, Endive,,,,,
Radish, Bamboo shoots, Leek, Beetroot, Asparagus, Artichoke,,,,
Bamboo shoots, Onion, Green beans, Red chili pepper, Red cabbage, Corn,,,,
Mushroom, Celery,,,,,,,,
Zucchini, Yam,,,,,,,,
Tomato, Red onion,,,,,,,,
Pumpkin, Green beans, Bamboo shoots, Eggplant,,,,,,
Artichoke, Red chili pepper, Escarole, Potato,,,,,,
Onion, Green beans, Potato, Carrot, Zucchini,,,,,
Tomato, Zucchini, Artichoke, Red cabbage, Sweet potato,,,,,
Asparagus, Yam, Yellow squash, Broccoli, Red onion, Spinach,,,,
Corn, Yam, Bamboo shoots, Brussels sprouts, Bean sprouts, Lettuce,,,,
Zucchini, Corn, Yam,,,,,,,
Onion, Zucchini, Potato,,,,,,,
Green beans, Bell pepper,,,,,,,,
Cabbage, Radicchio,,,,,,,,
Pea, Eggplant, Leek, Chayote,,,,,,
Celery, Lettuce, Cucumber, Bean sprouts,,,,,,
Yam, Artichoke, Eggplant, Escarole, Bell pepper,,,,,
Red cabbage, Beans, Asparagus, Radicchio, Artichoke,,,,,
Celery, Brussels sprouts, Broccoli, Asparagus, Cauliflower, Bamboo shoots,,,,
Mushroom, Cabbage, Parsnip, Cauliflower, Pea, Collard greens,,,,
Cucumber, Lettuce, Radicchio,,,,,,,
Asparagus, Endive, Artichoke,,,,,,,
Asparagus, Escarole, Green beans, Endive,,,,,,
Pumpkin, Leek,,,,,,,,
Carrot, Asparagus,,,,,,,,
Corn, Onion, Red cabbage,,,,,,,
Yellow squash, Bamboo shoots, Spinach, Cactus pear,,,,,,
Escarole, Red chili pepper, Pepper, Mushroom, Beans, Celery, Sweet potato,,,
Carrot, Radicchio, Broccoli, Beans, Red cabbage, Garlic, Zucchini,,,
Cactus pear, Chayote, Beans,,,,,,,
Bean sprouts, Corn, Bell pepper,,,,,,,
Spinach, Pepper,,,,,,,,
Yellow squash, Zucchini,,,,,,,,
Green beans, Pepper, Cabbage,,,,,,,
Chayote, Bean sprouts, Yam,,,,,,,
Leek, Mushroom,,,,,,,,
Yam, Corn,,,,,,,,
Cactus pear, Celery, Carrot, Artichoke,,,,,,
Pepper, Green onion, Zucchini, Bean sprouts,,,,,,
Lettuce, Parsnip, Bell pepper, Pumpkin, Mushroom,,,,,
Onion, Green onion, Asparagus, Cauliflower, Sweet potato, Green beans,,,,
Red onion, Onion, Collard greens, Leek,,,,,,
Bean sprouts, Yam, Beetroot, Spinach,,,,,,
Pumpkin, Chayote,,,,,,,,
Bell pepper, Endive,,,,,,,,
Bamboo shoots, Sweet potato, Green onion,,,,,,,
Bean sprouts, Tomato, Bell pepper, Pea,,,,,,
Red cabbage, Red onion, Green onion, Red chili pepper, Brussels sprouts,,,,,
Yellow squash, Carrot, Yam, Pumpkin, Radicchio,,,,,
Endive, Escarole, Zucchini,,,,,,,
Brussels sprouts, Escarole, Red onion,,,,,,,
Cabbage, Cauliflower,,,,,,,,
Red onion, Collard greens,,,,,,,,
Bell pepper, Bean sprouts, Green beans,,,,,,,
Collard greens, Garlic, Parsnip,,,,,,,
Celery, Sweet potato, Carrot, Asparagus,,,,,,
Zucchini, Garlic, Yam, Pepper,,,,,,
Collard greens, Corn, Celery, Beans, Mushroom, Cucumber,,,,
Cactus pear, Bean sprouts, Asparagus, Cabbage, Onion, Cucumber, Red onion,,,
Beans, Beetroot,,,,,,,,
Spinach, Bell pepper,,,,,,,,
Bell pepper, Pea, Carrot, Red onion,,,,,,
Radish, Endive, Sweet potato, Red chili pepper,,,,,,
